biacromial,pelvicBreadth,bitrochanteric,chestDepth,chestDiam,elbowDiam,wristDiam,kneeDiam,ankleDiam,age,weight,height
42.9,26,31.5,17.7,28,13.1,10.4,18.8,14.1,21,65.6,174
43.7,28.5,33.5,16.9,30.8,14,11.8,20.6,15.1,23,71.8,175.3
40.1,28.2,33.3,20.9,31.7,13.9,10.9,19.7,14.1,28,80.7,193.5
44.3,29.9,34,18.4,28.2,13.9,11.2,20.9,15,23,72.6,186.5
42.5,29.9,34,21.5,29.4,15.2,11.6,20.7,14.9,22,78.8,187.2
43.3,27,31.5,19.6,31.3,14,11.5,18.8,13.9,21,74.8,181.5
43.5,30,34,21.9,31.7,16.1,12.5,20.8,15.6,26,86.4,184
44.4,29.8,33.2,21.8,28.8,15.1,11.9,21,14.6,27,78.4,184.5
43.5,26.5,32.1,15.5,27.5,14.1,11.2,18.9,13.2,23,62,175
42,28,34,22.5,28,15.6,12,21.1,15,21,81.6,184
40.3,29,33,20.1,30.3,13.4,10.4,19.4,14.5,23,76.6,180
43.7,29,31.3,20.5,29.7,15,11.7,20.9,16,22,83.6,177.8
47.4,29.6,35.7,20.8,31.4,16.1,11.3,21.5,15.4,20,90,192
40.3,27.5,31.4,21.7,28,13.3,10.3,18.8,13.2,26,74.6,176
41,26.8,32.2,21.9,28.6,14.9,10.6,17.8,14,23,71,174
45,27,33.2,21.7,30.6,13.7,11.1,20.7,14,22,79.6,184
39.9,30,34.5,21,29.4,15.6,11.9,21.2,16,30,93.8,192.7
43,26.5,30.3,19.3,30,14.8,11.2,19.7,14.7,22,70,171.5
43.1,28.6,33.4,22.2,29.5,14.9,12.2,20.8,14.8,29,72.4,173
43.6,29.3,34.4,20.2,32.6,15.4,10.9,20.7,15.5,22,85.9,176
42,27.5,30.7,21.3,32,13.1,11.1,19.2,13.9,22,78.8,176
43.8,28,33.3,20,32,15,11.5,20.4,14.4,20,77.8,180.5
42.3,26.4,31.2,18,30.9,14.6,10.8,18.6,13.8,22,66.2,172.7
42.7,29.9,35,21.8,32.8,14.3,11.2,19.8,14.1,24,86.4,176
44.8,27.8,32.2,18.3,31.5,15.2,11.6,19.4,14.7,26,81.8,173.5
46,30.1,34.5,20.2,31.1,16.4,13.3,22.2,14.9,24,89.6,178
45.4,31.8,35.2,20.2,32.3,14.6,10.5,20.2,15.3,21,82.8,180.3
40.5,28.3,33.4,19.2,28.8,14.6,11.1,20.8,14.5,24,76.4,180.3
39.4,25.5,30.2,17.6,27.7,13,10.2,18.9,13.2,23,63.2,164.5
40.2,27.2,31.7,18.1,26.5,13.3,10.1,18.6,13.2,19,60.9,173
44.2,30.3,34.7,19.4,30,14.9,11,19.1,15.8,23,74.8,183.5
41,23.6,30.2,22.9,28,14.3,11.2,18.2,14,25,70,175.5
44,31,35.3,19.2,31,15.2,11.4,21.2,15.1,23,72.4,188
41.6,32,35.3,23.6,27,15.5,11.3,20.9,15,23,84.1,189.2
41,25.1,31.9,20.8,27.9,13.6,10.8,18.8,12.9,23,69.1,172.8
41.5,24.5,30.5,17.7,26.7,13.3,10.8,18.6,14,20,59.5,170
41.1,27.8,31.4,19,31.5,14.5,11.9,18.5,13,22,67.2,182
38.8,27.2,31.6,18.5,25.5,13.4,10.8,19,14,24,61.3,170
36.2,27.5,30.4,18.7,28,13.6,10.8,19,15.4,22,68.6,177.8
42.1,27.5,32.4,18.2,28,16.2,12,21,16.4,24,80.1,184.2
40.3,29.4,32.9,23.7,31.5,14.6,11.3,19.8,15.2,21,87.8,186.7
41.7,27.1,32.6,21.6,28,14.1,11.5,19.7,13.8,23,84.7,171.4
37.8,27.1,31.5,18.5,27.3,14.6,10.8,19.5,14.9,24,73.4,172.7
39.2,26.1,30.8,19.4,29.9,14.3,11.2,20,16,35,72.1,175.3
41.5,30.8,33.3,19.4,30.6,14.8,11.3,20.2,16,29,82.6,180.3
42.5,27.8,33.5,20.6,30.2,15.9,12.8,22.4,16.3,25,88.7,182.9
39.4,26.1,34.4,20.4,27.3,15.1,10.6,20,15.3,23,84.1,188
43.6,33.1,33.5,21.6,33.1,15.6,12,20.7,16.5,20,94.1,177.2
38.9,24.9,28.7,19.7,26.8,14.2,10.2,18,14.4,25,74.9,172.1
37.6,24.4,28,18,26.4,14.2,10.6,17.3,13.4,29,59.1,167
39.4,28.3,30.6,20.2,28.7,15,11.5,18.4,14.4,23,75.6,169.5
38.5,26.1,30.8,20.6,30.8,15.1,11.4,19.8,14.2,23,86.2,174
40.1,27.8,33.1,19.2,31.3,15.4,11.5,20.6,15.4,36,75.3,172.7
40.3,28,32,20.9,31.7,14.8,10.6,19.4,15,25,87.1,182.2
37.6,26.6,29.9,17.3,25.6,12.8,10,17,13,24,55.2,164.1
38.3,25.2,30.2,17,26.4,13.2,10.4,18.8,13,20,57,163
39.7,28.6,32.1,19.1,27.1,13.4,10,18.2,14.8,52,61.4,171.5
42.2,29,33.7,22.5,30.4,15.6,12,19.8,16.2,50,76.8,184.2
41.1,30.4,35.1,23.2,32.6,15.5,11.6,21.5,15.4,46,86.8,174
40.5,29.3,33.7,19.6,29.8,13.8,11.7,19.7,14.4,51,72.2,174
41.5,28.6,30.4,20.8,26.9,14.8,11.2,20.7,16.5,28,71.6,177
43.4,32.4,36.4,20.3,32.1,15.6,12,20.8,16.3,48,84.8,186
43.5,26,31.6,19.1,30.9,14.3,11.4,19.5,14.6,35,68.2,167
41.3,27.1,32.4,17.5,27.6,14.1,10.8,20.2,15.5,23,66.1,171.8
40.3,29.5,33.3,18.4,26.2,14,11,19.4,14.8,23,72,182
36.3,29.2,33,20,29,14.1,11.7,20.4,14.3,62,64.6,167
39.9,28.3,32,18.3,31.4,13.5,11.4,18.9,14.4,21,74.8,177.8
39.8,28.8,33,19.7,28.7,12.4,10.7,18.5,13.2,26,70,164.5
43.5,33.2,34,23.9,34.3,15.8,12,18.6,13.2,33,101.6,192
41.2,26.6,30.6,19.5,28,13.1,10.4,19,13.8,36,63.2,175.5
44,28.4,32,22.5,29.7,14.9,10.9,21,14.8,41,79.1,171.2
41.8,28.5,31.6,21.6,31.5,13.3,10.3,18.9,14.3,40,78.9,181.6
42.9,27.5,30.3,18.9,29.6,12.6,10.4,19.2,13.8,27,67.7,167.4
38.7,24.6,28.5,18.3,29.8,14,11.2,18.9,13.6,27,66,181.1
41.4,26.4,32.3,18.6,31.3,14.9,11.5,18.9,14.6,23,68.2,177
39.6,27.5,30.2,19.2,28.9,13.5,10.4,19.3,14.2,31,63.9,174.5
40.5,27.5,32.3,19.4,28.8,12.6,10.6,18.4,14,26,72,177.5
34.1,28.1,30.1,21.8,25.8,12.9,9.9,18.6,12.3,23,56.8,170.5
43.5,28.8,34,20.6,29,14.3,10.5,19.8,14.2,24,74.5,182.4
44.1,29.2,35.3,23.6,30.9,15.8,12.5,20.2,15.2,24,90.9,197.1
42.2,32.6,36.6,22.4,34.5,14.1,11.1,18.2,13.9,34,93,180.1
42.2,30.1,31.4,21.2,29.7,14,11.6,21.6,14.1,21,80.9,175.5
43,26.5,31.6,20.6,29.5,13.4,10.4,18.8,13.6,25,72.7,180.6
39.8,28.7,33.3,19.3,29.2,13.5,11.6,19.5,14.6,34,68,184.4
37.7,29.7,32.7,20.2,28.8,13.3,11.1,18.3,13.2,31,70.9,175.5
39.6,27.9,33.3,20.2,29.5,12.6,10.7,18.5,12.9,40,72.5,180.6
43.2,26.3,30.5,19.7,30.6,14.4,12.3,20.2,13.6,21,72.5,177
44.3,28.2,32.2,21.2,31.8,14.2,11.6,20,14.4,33,83.4,177.1
43.3,28.2,33,19.4,31.6,13.8,11.1,17.8,13.2,25,75.5,181.6
42.8,27.5,31.5,19.2,31.8,14.1,11.1,19.1,14.7,29,73,176.5
41.5,30,33.4,19.1,29.4,14.8,11,19.8,13.8,27,70.2,175
42,27.6,32.2,19.7,29.4,13.9,10,18.7,13.8,44,73.4,174
41.2,27.1,29.8,20.1,31,12.9,11.6,18.8,13.5,26,70.5,165.1
43.8,29.5,31.2,18.2,29.5,13.1,10.3,19.1,13.2,22,68.9,177
46.2,31,36,25,33.1,14.6,12,20.9,15.1,37,102.3,192
40.4,28.6,31.4,19.8,27.6,13.9,10.1,20,13.4,38,68.4,176.5
40.8,27.1,29.4,17.8,29.4,13.3,10.4,18.5,12.8,20,65.9,169.4
43.9,27,33.5,22.3,31,13.2,10.4,19.1,13.1,21,75.7,182.1
44.2,27.9,32,21.6,32.9,14.3,11,21.1,14.9,24,84.5,179.8
41.6,28,35,24.2,31,13.4,11.2,20.6,14.4,45,87.7,175.3
38.1,30.1,33.2,21.6,31.3,14.2,12.3,19.2,15.2,25,86.4,184.9
42,28,33,18.1,28.4,14.3,11.1,20.2,15.2,22,73.2,177.3
37,27.3,31.1,18.2,25,13.2,10.5,18.7,13.4,29,53.9,167.4
41.6,27.5,32,18.1,29.5,13.8,10.7,19,13.9,37,72,178.1
40.1,19.4,28,17.1,26.8,13,10.6,16.9,12.6,20,55.5,168.9
38.7,25.2,28.8,19.1,25.6,13,10.2,17.9,13.5,20,58.4,157.2
37.4,29.9,33.5,22.3,30.8,14.4,11.5,20.5,16.8,32,83.2,180.3
41.7,28,32.9,19.4,29.7,14.6,11,19.5,15.3,23,72.7,170.2
38,27.1,28.3,18.2,25.9,13.8,11,18.9,14.8,25,64.1,177.8
40.5,24.9,29.7,19,30.2,14.4,11.8,19.5,14.9,27,72.3,172.7
35.6,28.5,29.4,17.7,25.2,14,10.8,19.1,15,21,65,165.1
43.6,30.2,32.4,21.8,33.1,15.2,11.3,19.8,15.2,27,86.4,186.7
37.6,24.4,28.3,17.7,24.7,12.9,10.8,18,14.3,25,65,165.1
41.1,31.7,34.2,22.8,34,13.8,11.8,19.4,15.4,38,88.6,174
42.1,30.6,34,22.1,30.6,15,11.4,20.2,15.4,44,84.1,175.3
40.5,28.3,32.4,19.4,27.8,13.4,11,19,14.5,27,66.8,185.4
40.9,28.5,31.3,21.1,29.7,14.3,11.7,19,15.6,37,75.5,177.8
43,30.6,33.8,23.3,35.3,15.6,12,21.6,16.4,28,93.2,180.3
40.5,27.8,31.1,21.8,30.6,15,11.6,20.4,15.2,33,82.7,180.3
41.9,25.4,30.2,14.4,26.8,12.6,9.8,18.8,13.6,25,58,177.8
42.1,28.5,33.1,20.2,30.6,15.6,12.2,19.7,15.6,21,79.5,177.8
43.8,29.2,32.6,18.7,30.4,14.6,11.7,20,15.2,30,78.6,177.8
42.1,28.5,31.7,19.4,28,14,11.3,19,14.4,26,71.8,177.8
43.4,32,36.2,23.5,35.6,16.1,12.6,23,16.3,27,116.4,177.8
38.7,26.8,31.5,21.4,27.8,13.8,10.8,18.2,13.3,33,72.2,163.8
39.6,28.7,32.4,18.2,28.3,15.2,11.8,19.6,14.8,29,83.6,188
43.4,30.6,32.9,21.6,28.3,15,12,20.5,17.2,27,85.5,198.1
40.5,29.7,31.7,22.1,32.6,15.2,11.3,21.2,15.2,34,90.9,175.3
40.3,30.4,34.2,21.1,34,13.6,12,19.2,13.8,42,85.9,166.4
44.2,30.6,33.8,22.1,32.4,15.3,11.5,20.9,16.5,29,89.1,190.5
41.3,26.8,32.2,21.4,31.1,13.6,11,19.1,15,41,75,166.4
39.8,25.6,31.3,23.5,32,14,11.2,21.2,16.4,43,77.7,177.8
41.3,29,32.2,25.2,30.8,14.4,11,19.7,15.8,43,86.4,179.7
38.9,27.5,32.9,22.5,33.3,14.6,11,20.5,15.3,29,90.9,172.7
41.1,25.6,29.9,23.3,25.2,14.1,10.7,19,15.1,27,73.6,190.5
41.5,30.6,35.8,21.1,28,15,11.8,21,15.6,62,76.4,185.4
38.5,27.8,31.7,19.7,26.4,13.1,11,18.4,14.8,33,69.1,168.9
39.4,29.7,33.1,23,30.4,14.2,11.6,20.4,15,45,84.5,167.6
40.9,26.1,27.5,20.2,28,13.2,10.4,18.6,14.8,30,64.5,175.3
41.1,23,29.4,21.8,30.6,15,10.8,19.3,14.5,20,69.1,170.2
43.6,28,32.4,27.5,33.5,14.6,11.7,21.4,15.1,22,108.6,190.5
39.8,29,34.9,22.5,28.3,14.3,11.7,19.8,15.4,51,86.4,177.8
42.1,27.8,31.7,20.2,28.7,14.3,11.5,19.6,15.6,34,80.9,190.5
41.1,27.1,33.8,24.9,29.4,14.4,12.4,18,15.1,44,87.7,177.8
44.2,30.4,36.5,21.6,31.5,15.4,11.6,20.4,15.4,46,94.5,184.2
38.9,26.8,31.5,20.4,29,13.6,10.8,18.9,15.2,34,80.2,176.5
40.1,28.7,32.2,18,29.4,15.2,11.8,20.7,15.4,32,72,177.8
38.7,26.8,31.5,18,27.8,12.9,10.4,18,14.3,28,71.4,180.3
35.6,26.4,30.8,19.2,29.4,14.6,11.5,19.6,15.3,31,72.7,171.4
40.5,26.8,30.6,21.4,32.4,15,11.8,20.4,15.8,29,84.1,172.7
41.1,25.4,32,21.6,28.7,14.3,12.4,19.6,14.3,42,76.8,172.7
38.7,26.1,29.2,18.2,24.9,13.6,10.4,17.6,14.2,29,63.6,177.8
38.9,27.1,30.4,20.4,28.7,14.8,11.7,19.4,14.6,31,80.9,177.8
39.4,29.7,33.1,22.3,31.5,15.6,12,19.5,14.8,30,80.9,182.9
37.6,27.8,32.2,20.2,31.3,14.6,11,21.5,15.8,27,85.5,170.2
39.8,25.9,31.3,19.4,29.2,14.3,11.2,18.7,14.3,25,68.6,167.6
40.3,27.3,30.4,20.4,29,15,11.3,19.1,14.6,24,67.7,175.3
40.3,25.2,29.2,18.7,28.5,13.2,10.2,18.9,14.3,33,66.4,165.1
43.8,30.4,34.9,24,33.3,15.4,11.6,17.8,14.6,45,102.3,185.4
41.1,27.8,32.9,18,26.8,14.6,11.2,19.5,15.8,37,70.5,181.6
41.7,30.6,34.7,24.9,32,14.9,10.8,18.9,14.1,44,95.9,172.7
45.4,30.8,35.6,20.9,29.7,15.2,10.8,18.6,15,34,84.1,190.5
43,30.8,34.7,22.1,32.2,16,13.2,19.5,16.1,55,87.3,179.1
41.1,25.4,30.4,19.2,29.9,14.8,10.6,18.7,15.2,43,71.8,175.3
41.1,29.2,31.5,19.7,29.9,14.8,11,18,15,24,65.9,170.2
45.2,32.2,36,22.5,33.5,15.8,11.3,20.5,14.8,22,95.9,193
39.8,34.7,34.7,23.5,30.2,14.8,10.6,20.6,14.3,38,91.4,171.4
39.6,28.7,32,20.2,32.9,14.3,11.5,19.6,15.1,24,81.8,177.8
42.3,30.2,34.4,25.4,32.2,15.2,10.7,18.8,14.8,29,96.8,177.8
40.9,29,32.2,20.2,29.2,13.8,10.4,18.4,14.4,25,69.1,167.6
39.8,28,34.2,23.3,31.5,14,11,19.7,13.8,37,82.7,167.6
42.3,27.1,31.7,17.3,29.4,14.4,11.6,21.2,15.8,30,75.5,180.3
42.3,26.8,32,25.4,28.7,15,11.2,18.4,14.4,26,79.5,182.9
40.5,28.7,30.4,22.1,29.2,14.3,11.2,18.5,14.5,35,73.6,176.5
42.7,28.5,36.7,23.7,30.8,15.8,12.9,19.3,16,29,91.8,186.7
43.6,30.8,33.3,20.4,29.7,14.3,10.9,19.6,15.4,30,84.1,188
42.5,31.3,33.1,19.4,32,14.8,11.3,20.1,15.5,37,85.9,188
41.3,30.8,33.3,22.5,28.3,13,10.5,19.7,13.4,34,81.8,177.8
41.3,24.7,35.4,22.5,30.2,14.8,11.3,20.4,16,28,82.5,174
42.3,26.6,33.3,23.3,28.7,14.2,11.1,19.5,14.3,27,80.5,177.8
36.9,25.9,31.7,19.9,27.3,14.8,10.6,19.4,14.3,32,70,171.4
40.3,28.5,35.1,19.2,32,14.8,12,21.2,16.2,28,81.8,185.4
40.1,26.4,32,21.4,32.6,14.8,12,20,15.2,22,84.1,185.4
43.2,31.3,34,23,32.6,15.7,11.5,20.5,15.2,44,90.5,188
45,29,33.3,25.4,30.8,15.4,11,18.8,15,25,91.4,188
42.1,29.7,35.6,23.5,31.3,14.3,11,18.2,14.8,49,89.1,182.9
40.9,28.7,33.5,23.7,30.2,15.8,11.6,19.3,16.8,54,85,176.5
41.3,27.3,32.2,20.2,28.3,13.8,11.4,18,13,49,69.1,175.3
42.1,29.7,32.9,24.9,30.8,15.3,11.5,19.2,14.6,60,73.6,175.3
45.2,29.7,33.8,19.9,32,15.5,11.8,19.6,16.1,42,80.5,188
42.1,31.1,34.9,22.1,31.3,15.2,11,19,14.4,52,82.7,188
41.2,29.8,32.2,22.4,29.8,15.6,11.2,19.6,14.8,23,86.4,175.3
41.7,29.2,33.8,19.2,29.7,13.8,10.7,18.6,14.2,33,67.7,170.5
43,29.4,33.8,24.7,31.5,14.2,11.2,19.4,14.2,46,92.7,179.1
41.7,28.5,33.8,23.5,32.9,15.6,12,18.4,16.3,43,93.6,177.8
38,29.7,34,22.8,27.3,13.1,10.8,17.3,15.5,56,70.9,175.3
41.9,27.8,33.3,19,28.7,15.1,11.3,19.2,14.9,21,75,182.9
40.7,28,35.3,19.4,31.7,14.4,10.7,18.6,14.4,18,93.2,170.8
41.3,29.7,34.7,22.8,32,15.5,11.2,18.4,15.6,21,93.2,188
40.9,28.7,32.9,21.6,30.6,15,11,18.7,13.8,45,77.7,180.3
41.7,26.8,32,19.7,27.8,14,10.5,18.4,14.6,22,61.4,177.8
41.3,31.1,34.9,26.4,30.2,15,11.6,18.8,15.8,55,94.1,185.4
41.1,27.8,32,21.1,30.6,14.8,11.4,17.6,14.2,42,75,168.9
43.4,27.3,34.7,19.9,31.3,14,11.2,20.2,14.3,29,83.6,185.4
40.7,27.8,34,21.1,29.4,15.6,12,21.2,16.4,40,85.5,180.3
42.5,25.2,30.6,20.9,30.4,15.3,11.4,18.9,13.8,24,73.9,174
40.3,28.3,30.6,18.2,29.2,12.9,10.6,20.2,14.2,62,66.8,167.6
39.8,27.8,32.9,22.3,29.7,16.6,11.8,20.8,15.3,26,87.3,182.9
39.8,28.3,30.4,19.7,30.2,12.9,11,18.6,12.7,35,72.3,160
40.5,29.9,34.9,21.4,32.9,14.5,11.7,20.4,15,37,88.6,180.3
41.1,26.8,32.4,20.2,31.1,14.4,11.8,20.4,15.2,34,75.5,167.6
42.5,29.4,34.2,23.5,34.7,15.1,11.8,21.8,15.8,25,101.4,186.7
42.5,29.4,34.4,19.9,34,14.5,11,21.3,14.4,30,91.1,175.3
38.5,24.4,30.4,18,29.9,14.3,10.1,18.3,13.2,32,67.3,175.3
43.8,29.2,35.6,19.9,28.3,14.8,12.8,20.7,14.3,27,77.7,175.9
41.5,29,33.3,21.4,32.4,15.3,11,20.6,15,42,81.8,175.3
40.3,27.8,33.5,20.6,29.9,15.3,11.2,20.4,13.8,44,75.5,179.1
40.3,30.2,32.2,20.6,29.2,14.5,11.5,20,16.9,46,84.5,181.6
42.1,27.1,32.2,20.2,30.6,13.7,10.8,18.9,14.3,19,76.6,177.8
42.1,31.3,35.1,20.6,31.1,16.7,12,21,15.1,43,85,182.9
38.9,29.4,33.3,24.2,33.5,14.2,12.8,20.6,15.5,28,102.5,177.8
44.4,24,30.2,20.6,32,14.2,11.2,20.2,14.5,39,77.3,184.2
40.9,24.4,28.7,18.7,29,14.3,11.4,17.8,14.6,30,71.8,179.1
42.1,28.7,33.5,25.2,29.4,14.3,11.5,18,13.8,36,87.9,176.5
43,27.1,33.5,25.2,31.5,15.2,11.8,19.3,15.1,48,94.3,188
38,27.1,32.2,20.6,28,13.9,10.3,19.1,14,48,70.9,174
37.1,24.2,30.6,17.7,27.8,13.8,11,17.8,14.6,53,64.5,167.6
41.1,24,29.4,21.6,30.8,13.6,11.7,18.8,14.6,45,77.3,170.2
40.9,24.4,30.6,19.7,29.9,13.8,11.5,19,15.1,39,72.3,167.6
38.9,27.1,31.7,21.6,29.7,15,12.2,20.5,15.2,43,87.3,188
40.9,28.3,34,23.7,28.5,14.3,12,19,14.3,65,80,174
39.2,26.8,34,23.7,30.8,14.2,11.2,19.1,14.5,45,82.3,176.5
41.7,26.6,31.5,19.9,29.9,14.6,11.2,19.2,14.8,37,73.6,180.3
39.4,26.6,31.7,24,31.1,13.8,11.8,20,15.8,55,74.1,167.6
40.1,26.4,32,21.8,30.2,15.8,12.4,20.7,15.8,33,85.9,188
38.9,25.6,32.9,21.1,29,15.6,10.6,20.2,14.8,25,73.2,180.3
38.9,26.4,31.7,21.6,27.8,14.4,11.3,19.6,14.8,35,76.3,167.6
41.7,26.4,31.1,20.2,28.3,14.6,10.2,18.4,15.3,28,65.9,183
43.2,26.8,32.6,22.1,32.9,15.4,12,20.5,16.8,26,90.9,183
40.5,29.2,33.5,23.7,31.1,15.2,11.3,20,16.1,43,89.1,179.1
39.2,23.5,29.9,19.7,29,15.4,11.5,19,14.8,30,62.3,170.2
40.9,25.4,32,20.6,30.2,16.1,11.5,19.3,15.8,26,82.7,177.8
41.7,27.3,31.5,21.8,29.7,14.9,11.8,18.9,13.6,51,79.1,179.1
43.8,32.2,38,25.4,32,16,10.7,21,16.8,30,98.2,190.5
41.9,28,33.1,26.4,29.9,15.6,11.5,21.2,15.9,24,84.1,177.8
43,27.8,34.2,21.4,31.5,14.3,11.1,21,14.8,35,83.2,180.3
41.5,28.5,33.5,19.7,29.4,14.5,10.5,19.4,15.3,37,83.2,180.3
37.6,25,31.3,16.2,24.9,11.2,9.2,17,12.3,22,51.6,161.2
36.7,26.4,31,16.8,24.5,12.1,9.9,19.3,12.8,20,59,167.5
34.8,25.9,30.2,16.4,24.2,11.3,8.9,17,12.2,19,49.2,159.5
36.6,27.9,31.8,19.3,24.9,12.3,9.5,18.6,13,25,63,157
35.5,28.2,31,18.2,26.2,11.5,9.1,17.2,12.4,21,53.6,155.8
37,28,32,15.1,25.7,12.5,10,17.2,13.2,23,59,170
35.5,26.5,29.2,15.4,24.5,12.3,9.4,17.2,12,26,47.6,159.1
37.4,30.2,33.2,18.8,26.6,13.3,10.7,19.8,13.8,22,69.8,166
37.8,29,32.6,18.6,25,12.1,9.8,17.8,12.7,28,66.8,176.2
38.6,28.8,33.2,19.7,29.4,13.4,11.5,20.9,13.2,40,75.2,160.2
37.6,28.5,32.2,15.5,24.3,11.8,8.6,17.1,11.9,32,55.2,172.5
36,25.6,31.5,15.4,25.5,12.8,9.7,17.6,13.2,25,54.2,170.9
39.5,30,31.7,17.3,27.3,12.8,9.2,18.1,12.4,25,62.5,172.9
34,25,27,16.9,22.6,10.6,8.3,15.9,11.6,29,42,153.4
35,26.5,31.6,18.3,23.7,11.5,8.6,16.8,12.2,22,50,160
35.6,25.8,32,16.2,25.7,11.5,9,17.2,11.8,25,49.8,147.2
36.2,27.4,29.5,14.6,23.9,11.2,9.6,16.7,12.6,23,49.2,168.2
39,28.4,34.9,19.6,26.7,13.4,11,18.9,13.6,37,73.2,175
32.6,25.6,30,15.3,22.6,10.3,8.1,16.2,11.6,19,47.8,157
37.6,30,33.9,19.1,28.8,13.4,10.5,19.2,13.2,23,68.8,167.6
36.3,27.5,31,15.4,24,11.1,9.4,16.4,12.3,25,50.6,159.5
38,29.6,32.7,21.3,28.7,13.7,10.6,21.5,14.4,26,82.5,175
37,27.9,30.8,15.1,26.8,13.2,8.9,18.1,12.3,24,57.2,166.8
42.6,31.8,34.8,19.9,30.4,12.5,11,21,14.2,29,87.8,176.5
37.5,29.2,35.1,19.6,27.5,13.1,10.2,20,13.1,22,72.8,170.2
36.1,28.2,32.3,15.8,25,12,10.2,18.4,12.9,30,54.5,174
39.1,27.5,34,17.2,25.6,12.6,10,18,12.7,23,59.8,173
39.6,28.6,31.2,18,27.2,12.4,10.1,19.3,13.8,38,67.3,179.9
40.5,29.6,34.9,17.4,27.5,12.6,10.4,18.8,13.1,23,67.8,170.5
35,26,29.8,16.1,22.3,12.4,9.5,17.2,12.3,19,47,160
34.5,26.4,30.1,18.6,23.5,11.3,8.9,17.2,12.3,46,46.2,154.4
35.6,27.9,32,15.6,23.9,11.9,9.6,18.2,12.7,20,55,162
39.1,29.7,33.7,20.1,29.5,13.2,10,20.3,13.6,22,83,176.5
36.6,28.2,32,14.3,26,11.8,9.9,18,12.7,25,54.4,160
34.8,26.3,29.9,16,22.9,11.3,9.2,16.5,11.8,21,45.8,152
36.7,22.1,28.3,16.7,27.5,12.3,10.1,16.8,12.4,23,53.6,162.1
39.7,31.6,34.5,19,24.9,12.7,10.4,18.2,13.1,31,73.2,170
35.5,24.3,29.5,15,26,11.5,9.4,17.2,12.1,29,52.1,160.2
36,28,30.8,17.3,25.9,12.9,9.8,17.8,13.8,19,67.9,161.3
35.8,26.4,32.2,17.3,24.9,12.7,10.4,18.9,14,21,56.6,166.4
37.6,27.3,32,18,25.6,12.4,9.4,18.8,13.6,23,62.3,168.9
37.6,28.7,30.8,19,25.2,13.1,11.5,18.6,13.6,24,58.5,163.8
34.9,28,30.8,15.6,24.2,11.2,9.2,17.9,13.2,20,54.5,167.6
33.3,24.9,27.8,17.3,23.3,12.8,9.8,17.4,12.9,19,50.2,160
36.2,27.1,29.9,16,24.2,11.8,9.2,17.3,12.6,20,60.3,161.3
33.3,29.2,32,14.8,25.9,12.6,10.4,18.4,13,19,58.3,167.6
36,25.2,30.8,16.5,24.2,12.6,9.2,17.6,13.2,20,56.2,165.1
34,27.3,29.9,17,24,12,9.2,16.8,12.4,19,50.2,160
36.2,28.7,31.3,19.2,27.1,12.8,10.5,18,14.4,22,72.9,170
34.9,27.1,31.5,19,24.9,12.4,9.8,18,13.8,39,59.8,157.5
37.4,28.3,31.3,16.3,25.6,12.9,11,18.4,14.3,18,61,167.6
33.8,28.7,32.2,18.7,25.4,12,8.9,17.4,13,19,69.1,160.7
34,27.3,32.2,19,24.2,12.9,10.6,17.9,13.4,26,55.9,163.2
34.4,23.5,26.8,16.5,24.4,11.7,9.2,16.8,12.4,20,46.5,152.4
34.7,27.8,32.6,16.5,24.2,12.6,9.8,17.6,12.6,20,54.3,157.5
35.6,26.4,32.2,15.1,26.6,13,10,17.6,13.8,26,54.8,168.3
33.8,29.7,32.4,17.3,25.4,13.4,9.6,18.4,13.4,21,60.7,180.3
37.8,26.6,33.1,16.5,27.1,12.4,9.8,18.3,13,21,60,165.5
38.3,30.4,32.2,18.7,26.4,12.4,9.4,18.1,12.7,38,62,165
40.3,29.2,32.9,16.5,26.4,13,9.4,18.6,12.9,23,60.3,164.5
38.9,27.5,31.1,15.6,26.8,12.4,10,18.4,13.6,37,52.7,156
39.4,29.2,34.7,18,28.3,13.4,10.5,19.8,13.1,19,74.3,160
35,27,33,19.3,25,11.5,9.9,17.1,13,25,62,163
40.7,29,35.3,17.7,28.5,13.8,10.8,19.8,14.3,20,73.1,165.7
39.6,30.4,34.2,21.4,26.8,14.2,10.6,20.7,13.1,41,80,161
36.9,28.3,32,17,25.6,10.9,9.4,17.3,12.6,26,54.7,162
35.6,25.7,29.1,15.5,26,11.5,9.5,17.8,12.1,21,53.2,166
38.2,30,35.5,19.4,26.7,12.6,10.8,19.5,13.6,47,75.7,174
36.9,29,33.7,15.6,27,11.5,10.2,18.4,13.8,19,61.1,172.7
36.9,26.9,31.9,16.1,25.2,13.4,10,18.8,14.3,44,55.7,167.6
34.8,26.4,29.8,14.9,25.2,12.2,9.1,18,12.4,35,48.7,151.1
36.6,27.5,30,17.7,24.1,12,9.3,17.7,13.2,32,52.3,164.5
36.9,27.4,31,18.2,25.7,12.8,10.4,17.8,14.1,46,50,163.5
36.9,26.4,32.4,16.6,26,12.6,10.5,18.9,14.4,22,59.3,152
36.9,30.2,34.6,17.5,26.2,13.2,10.4,19.4,14.3,49,62.5,169
36,28.6,32,17.5,24.1,12.8,9.8,18.7,13.8,52,55.7,164
36.2,30.2,31.2,16.8,27.7,11.5,9.4,17.4,13.1,25,54.8,161.2
35.1,28.1,30,17.1,25.2,12,9.6,19,14.2,48,45.9,155
38.8,27.2,33.4,17.2,31.6,12.9,11,18.2,13.4,41,70.6,170
36.4,26.2,32.2,17.3,25.8,13.1,10.1,17.9,12.6,18,67.2,176.2
38.6,24.2,34.4,15.3,29,13.1,10.4,22.1,14.4,30,69.4,170
36.5,26,30.7,15.9,26.8,12.1,10.3,17,12.4,20,58.2,162.5
37.5,27.4,31.2,18.9,26.5,14,11,19.1,13.5,24,64.8,170.3
39.9,20,32.4,17.6,31.9,13.6,10.4,18.5,13.4,23,71.6,164.1
34.4,26.1,30.5,18.8,25.2,12,9.9,17.5,12.7,30,52.8,169.5
38.7,23.5,33,16.4,27.6,12.6,9.9,17.5,12.6,23,59.8,163.2
32.6,24.6,29.4,15.8,25,11.3,9.2,16.9,11.9,45,49,154.5
34.5,25.6,29.2,18,24.2,10.1,9,16.3,11.5,20,50,159.8
36.7,28.2,33,17.5,25.6,12.2,10.1,17.8,13.5,20,69.2,173.2
36.5,27,31.6,16.6,24.4,11.9,9.7,18,12.5,23,55.9,170
34.2,28,31,20.4,25.6,12.4,9.7,18.5,13,21,63.4,161.4
37.8,28.6,30.7,17.3,25.4,11.8,10.6,18.8,13.3,28,58.2,169
35.7,25.5,32.5,16,27.2,11.9,10,18.6,13.6,45,58.6,166.2
33.9,24.3,29.5,15.8,26,11.6,9.4,16.3,11.2,24,45.7,159.4
35.2,24.1,26.9,17.9,23.6,12,9.5,17.5,11.5,25,52.2,162.5
37.1,24.3,28.4,16.2,25.8,12.1,9.8,16.8,12.2,19,48.6,159
37.7,26.2,30.8,17.8,25.2,12.4,10.2,17.2,11.8,20,57.8,162.8
37.8,28.1,30,17.9,24.9,11.1,9.6,18,13.2,29,55.6,159
39.3,24.5,32.3,21.4,29.5,13.4,10.9,18.2,13,24,66.8,179.8
37.2,24.4,29.4,18.1,27.3,12.3,9.9,17.1,12.2,24,59.4,162.9
36.1,26.8,31,16.2,24,11,8.9,17.8,12.2,25,53.6,161
35.2,25.1,33,20,26.6,11.6,9.1,21,12.6,31,73.2,151.1
35.8,27.7,28.9,16.4,25.6,11.5,9.1,17.1,12.3,22,53.4,168.2
35,25.6,32.5,17.9,27,12.6,9.8,18.6,12.9,20,69,168.9
37.8,29.9,31.1,17.3,25.8,10.9,9.4,15.7,11.5,32,58.4,173.2
35.7,27,29.8,16.5,26.2,12.1,9.6,18,13.6,25,56.2,171.8
39.5,29.8,31.5,19.2,25.4,13,10.6,19.1,13.4,19,70.6,178
38.8,26.3,31.5,19,25.9,11.6,9.9,18.8,13.1,23,59.8,164.3
37.9,29,32.9,18.6,27,12.7,10.6,18.2,12.1,22,72,163
37.7,25,30.4,16.6,29.3,12.4,10.2,18.6,12.7,20,65.2,168.5
38.2,25.9,30.2,16.9,24.8,11.7,9.4,16.9,11.7,27,56.6,166.8
40,31,35.8,21.3,33.2,14.1,12.2,24.3,12.9,34,105.2,172.7
35.7,28.3,29.6,17.4,23.3,10.7,8.7,16.8,11.3,25,51.8,163.5
35.7,25.9,29.3,14.7,29.1,13.2,10.9,18.1,13.1,26,63.4,169.4
36,27.6,29,18.6,25,11.8,9.2,18,11.4,19,59,167.8
35,25,27.2,15.4,23.4,10.8,8.7,16.8,12.2,26,47.6,159.5
37,26.9,32.4,16.6,25.4,12.9,10,18.1,13.1,25,63,167.6
36.7,23.5,29.5,17.2,28.3,11.5,9.5,16.1,9.9,20,55.2,161.2
32.8,26.2,26.3,16.1,23.6,10.6,9.2,16.4,11.7,21,45,160
34.8,20.3,31,17.3,26.8,11.6,9.8,17.9,12.4,18,54,163.2
35,23.7,29,15.4,23.6,11.5,9.6,16.6,11.6,19,50.2,162.2
38.7,27.1,31.4,16.5,27.5,12.8,9.2,18.8,12.5,27,60.2,161.3
32.8,20.9,28.2,17.2,22.2,11.3,9.5,16,11.2,26,44.8,149.5
36.7,23,30.8,17,27.6,13.1,11,17,12.9,36,58.8,157.5
38.8,26.5,29.8,17.4,28.2,12,9.4,17.7,12.6,20,56.4,163.2
36.4,24.9,30.8,16.5,26.7,12.4,10.5,18.4,12.8,28,62,172.7
34,27.8,29.6,16.5,24.4,9.9,8.9,17,11.5,32,49.2,155
38.2,27.5,30,20.4,29.2,11.8,9.2,17.8,11.5,32,67.2,156.5
35.1,23.4,30.6,16.2,26.8,12.1,9.4,16.1,12.2,23,53.8,164
36,25.2,28.4,15.4,26.9,11.2,9.9,16.8,12.1,20,54.4,160.9
35.9,25.1,28.2,18.1,26.1,11.6,8.5,16.8,11,20,58,162.8
35,27.1,30.1,19.5,24.9,12.4,9.9,18.2,12.5,20,59.8,167
35.2,24.4,29.8,15.1,26,13,9.2,17.3,12.2,23,54.8,160
34.9,26.2,28.5,14.6,23.5,10.4,8.7,16,11.1,20,43.2,160
36,28.1,31,18.8,27.4,11.5,9.7,17.5,12.8,28,60.5,168.9
36.4,27.7,29.8,17,25,11.2,9,16.9,12.2,23,46.4,158.2
35.5,27.7,30.7,20.6,24.9,11.6,8.9,17.9,11.5,19,64.4,156
34.1,18.7,27.2,16.1,24.6,11.2,9.5,16.1,11.9,28,48.8,160
37.1,25,29.3,17.1,28.1,13,10.9,17.5,13,19,62.2,167.1
35.2,26,30.4,17.3,25.5,11.1,9,17.1,12,29,55.5,158
37.5,26,29.4,17.6,26.5,12.3,10.4,18.3,12.7,32,57.8,167.6
36.3,24.9,31,16.6,27.7,12.5,10,18.1,13,20,54.6,156
37.2,26,28.5,18.8,25,12.3,9.7,18.4,13,28,59.2,162.1
37.6,27.7,30.2,17.4,25.7,12,9.1,17.5,12.1,36,52.7,173.4
33.6,24.3,27.9,18.2,24.7,11,8.4,16.6,11.1,22,53.2,159.8
34.5,29.2,31.9,18.3,23.6,11,9.3,18.7,12.4,20,64.5,170.5
36,27.1,31.4,18.5,24.6,11.9,9.4,15.9,11.9,22,51.8,159.2
35.4,27,29,17.8,25,11.6,9.2,18.2,12.1,32,56,157.5
35.8,28.3,30.2,19.2,24.9,12,9.2,18.4,14.2,40,63.6,161.3
38.3,28.3,32.4,18.7,28.3,13.9,10.6,18.9,14,40,63.2,162.6
33.8,28.7,32.9,17.7,23.5,12.6,9.4,18.2,13.2,42,59.5,160
36.9,31.1,33.8,16.8,26.6,13,9.8,18.4,13.8,40,56.8,168.9
34.9,28,33.1,18,26.1,12.6,9.6,18.8,12.2,44,64.1,165.1
35.1,28.3,29.7,18.2,27.3,13,9.3,17.7,13.8,30,50,162.6
37.4,30.2,34.2,21.6,28.3,13.2,10,19.6,14.1,28,72.3,165.1
36.9,27.5,31.1,16.3,26.6,12.8,9.8,18,14,37,55,166.4
36,28,30.4,16.3,26.4,12.2,9.2,17.6,12.8,40,55.9,160
32.9,26.6,32.2,18.5,25.2,12,8.4,19.4,12,45,60.4,152.4
38.3,31.7,37.4,19.2,28.5,13.2,9.3,18.6,13.8,35,69.1,170.2
37.6,30.7,35.6,24.7,32.2,14,10.6,21.2,14.5,41,84.5,162.6
36.7,28,31.7,17.3,27.3,13.1,10.6,18.4,13.4,27,55.9,170.2
38.9,25.2,31.5,17.3,24.2,12.9,9.8,18,12.8,20,55.5,158.8
37.8,28,32,16.8,28.3,12.7,9.8,18.1,13.2,24,69.5,172.7
38,31.7,32.9,22.3,25.2,12.4,10,19.6,13.8,36,76.4,167.6
38.7,30.4,31.3,18.7,26.8,12.4,10,19.4,13.6,27,61.4,162.6
37.1,27.1,32.6,17.3,26.6,13.2,10.3,19,14.4,32,65.9,167.6
35.8,30.2,33.5,20.6,27.5,12.4,9.4,18.4,13,64,58.6,156.2
38.5,30.4,35.1,18.2,27.3,13.8,10.7,19,14.4,21,66.8,175.2
38.5,30.8,35.1,15.8,27.3,13.1,10.6,18.6,14.2,32,56.6,172.1
36,30.2,32.9,18.7,27.8,12.4,9.6,18.4,14.2,35,58.6,162.6
34,26.4,29.9,19.2,27.5,11.8,9.4,17.3,12.4,41,55.9,160
38.3,26.6,33.3,18.2,26.4,13.1,10.8,20,13.8,40,59.1,165.1
38.7,33.3,33.8,20.9,30.2,14,10.5,18.9,14.8,29,81.8,182.9
36.9,29,33.5,20.9,30.2,12.7,9.6,18.6,14.2,40,70.7,166.4
35.8,26.6,31.1,18.5,24.7,12.4,9.6,17.9,13.8,24,56.8,165.1
36.7,29,32,19.7,25.6,12.4,10,18.6,13,23,60,177.8
36.7,28,31.1,19.4,27.5,12.9,10,17.9,14,41,58.2,165.1
37.6,31.3,33.5,17,25.4,12.4,9.4,19.2,11.5,44,72.7,175.3
35.1,23.7,31.1,18.5,25.9,12.8,10,17.7,12.8,53,54.1,154.9
35.3,23.3,28.3,15.3,24.7,12.4,10.2,17.1,13.4,19,49.1,158.8
38.5,26.6,34,22.3,26.6,13.8,10.7,20,15.5,24,75.9,172.7
37.8,29.4,32.2,15.8,27.5,11.8,9.8,18.2,13.8,25,55,168.9
35.1,25.6,29.9,16.8,24.9,12.6,9.6,18.2,12.5,20,57.3,161.3
32.4,30.2,33.8,15.3,25.6,12.2,10.2,17.9,13.4,34,55,167.6
39.2,31.3,33.8,17.7,29.7,13.2,9.6,17.8,14.4,32,65.5,165.1
38.3,30.8,35.6,17,26.8,13.6,10.4,19,13.6,24,65.5,175.3
32.9,20.9,28.5,19,23,12.2,9.1,16,12.7,29,48.6,157.5
38,28.3,31.1,17.7,26.1,12.2,10.2,17.3,13,31,58.6,163.8
37.8,32,33.8,16.8,26.6,13.4,10.4,18.8,13.4,34,63.6,167.6
34.2,29.2,31.1,18,25.9,12.8,9.8,17.6,13.4,36,55.2,165.1
37.6,31.3,35.3,20.2,27.3,11.3,9.4,18.9,13.8,32,62.7,165.1
35.3,25.4,31.3,17.3,25.4,12.4,10,17.5,13.6,39,56.6,168.9
34.9,27.3,32.2,17.7,25.4,12.6,9,17.4,12.2,37,53.9,162.6
37.4,32,34.7,19.7,25.9,13,10,18.4,13.4,52,63.2,164.5
36.2,31.1,34.7,21.1,26.8,12.9,10.4,18.6,14,24,73.6,176.5
38.9,29,33.1,16.3,25.9,12.2,10.2,18.8,13.8,33,62,168.9
36,30.4,32.9,18.2,24.7,13.4,10.5,19.5,13.6,42,63.6,175.3
33.3,25.9,29.9,18,25.6,12,9.2,17.6,12.9,34,53.2,159.4
37.4,29.4,32.6,19.9,27.1,13.4,10.2,18.4,14.1,37,53.4,160
34.7,29.4,31.5,17.7,24.9,13.4,9.6,18.4,13.4,39,55,170.2
38.7,28,34.7,16.3,28.5,13.6,10.4,20.4,14.3,41,70.5,162.6
36.2,28.3,31.3,16.3,25.4,12.2,9.6,16.8,12.9,36,54.5,167.6
37.6,27.8,31.1,19.9,25.9,12.9,9.6,17.2,13.8,19,54.5,162.6
34.9,26.1,29,16.5,25.6,12,9.2,17.3,13.2,22,55.9,160.7
34.7,24.7,32,17.7,25.2,12.8,10.4,18.4,13.8,23,59,160
34,26.8,32.2,17.3,28.7,11.2,9.1,17.4,12.9,36,63.6,157.5
37.8,28.5,33.5,18,27.1,12.9,10.4,18.6,13.4,45,54.5,162.6
35.1,27.8,30.6,16.3,26.8,11.6,9.6,17.2,12,25,47.3,152.4
39.2,29.9,34.9,18.5,26.4,14.3,10.8,19.6,14.4,67,67.7,170.2
35.1,29.9,35.3,18,28.5,13.8,10.5,20,14.3,26,80.9,165.1
37.1,29.2,32,18,26.1,13.2,10.2,19.2,14.4,21,70.5,172.7
35.8,29.4,30.8,17,26.6,12.2,10.8,17.6,13.4,33,60.9,165.1
35.3,26.8,31.7,18.5,23.3,11.5,9.2,17.8,12.6,25,63.6,170.2
37.6,26.8,31.1,16.5,24,11.8,10.2,18.4,12.8,24,54.5,170.2
35.8,29,30.6,18,24.2,12.4,10.5,17.9,13.4,21,59.1,170.2
36,29.2,33.5,17.5,27.8,11.6,10.5,18.7,14.2,35,70.5,161.3
35.6,28.3,28,14.4,23.7,11.7,9.6,16.4,13,27,52.7,167.6
37.1,27.8,31.7,20.6,26.4,12.4,10.4,18.2,13.2,27,62.7,167.6
35.6,30.2,32.9,21.8,26.8,13,11,20.6,14.3,26,86.3,165.1
35.1,29.4,33.1,17.7,27.3,12.8,10.3,18.7,13.6,25,66.4,162.6
35.8,26.8,30.4,23.3,25.6,12.4,10.3,17.5,13,44,67.3,152.4
37.4,29.4,31.7,16.5,25.9,12.2,10.8,19.4,14.3,29,63,168.9
38.9,28.5,34,19.2,27.5,13.3,10.3,19.1,14.2,26,73.6,170.2
37.4,29,32.9,17.7,23.5,12.7,10,18.2,13.8,23,62.3,175.2
37.6,28.3,29.4,16.8,25.4,13.2,10,17.8,14.2,32,57.7,175.2
35.1,26.6,29.2,17,24.4,11.8,9.4,17,12.2,32,55.4,160
38,33.3,37.8,20.6,28.3,15,11.5,22.6,13.8,43,104.1,165.1
36.7,25.2,29.2,18.5,24.2,12,9,17,11.8,32,55.5,174
35.6,29.9,33.5,18.2,24.9,13.2,11,19.2,13.8,41,77.3,170.2
35.6,30.8,33.8,26.8,27.1,12.4,10.2,18.2,14,33,80.5,160
35.6,27.3,31.7,17.5,27.3,12.4,9.8,17.6,12.7,28,64.5,167.6
37.8,29,32.4,20.6,28.5,12.7,9.1,18.2,13.2,28,72.3,167.6
40.9,28.7,29.2,18.2,27.3,12.9,9.6,16.8,13.4,25,61.4,167.6
34,25.9,29.4,20.2,24.2,11.4,9.6,16.6,12.6,38,58.2,154.9
34.9,31.3,31.7,20.9,31.5,13,9.6,17.8,13.7,37,81.8,162.6
35.8,31.5,32.6,17.5,25.2,12.9,9.8,17.9,13.4,25,63.6,175.3
36.5,27.5,30.8,18.5,24.5,11.6,9.6,17,11.7,37,53.4,171.4
32.9,26.8,28.7,16.3,24.4,11,8.6,16.4,12.6,27,54.5,157.5
36.9,28.5,31.5,15.6,27.8,11.6,9.8,17.2,12.9,27,53.6,165.1
35.8,29.4,32,18,25.9,11.8,9.8,18,12.7,20,60,160
39.4,28.3,30.2,21.6,29.7,12.8,10.5,19.5,14.4,19,73.6,174
36.5,28.3,29.7,17.7,26.4,12,10,17.1,12.8,32,61.4,162.6
35.8,27.3,28.5,18.2,23.5,11.2,10.2,17.5,12.9,26,55.5,174
34.4,29.7,31.7,17.5,24.7,12.6,10.2,17.7,12.4,56,63.6,162.6
36.5,26.6,30.8,16,24.9,12.6,10.7,17,13,23,60.9,161.3
38.5,25.6,31.7,17,25.6,11.8,10.2,16.8,12.9,19,60,156.2
35.3,25.4,28.5,15.1,24.9,10.6,10.4,17,12.6,31,46.8,149.9
36.2,28.7,27.8,16,23.7,12.4,10.2,17.9,13.2,34,57.3,169.5
34.9,28.7,32.9,16.8,26.8,13.4,10.8,17.9,12.9,34,64.1,160
38.7,29.7,32,15.8,26.4,12.8,10.5,18.4,13.8,24,63.6,175.3
37.6,25.2,29,19.2,27.1,14,11,18.9,13.2,22,67.3,169.5
34.7,29.4,33.5,17.7,25.4,12.4,10.8,20.2,12.8,34,75.5,160
37.8,29.7,31.3,18.5,26.6,13.4,11.2,18.4,14.2,30,68.2,172.7
39.8,27.5,31.5,19.4,29,13.1,10.4,17.6,13.8,32,61.4,162.6
36.5,29.7,34,20.2,28.5,13.3,9.8,18.9,12.4,40,76.8,157.5
38,30.4,32.9,17,27.1,12.9,10.4,19.5,14.4,29,71.8,176.5
35.3,28.7,30.4,17.7,25.6,12.4,9.8,17.3,13.6,21,55.5,164.4
34.7,24.9,24.7,17.3,24.2,12,10.2,18,13.6,33,48.6,160.7
38.5,29,32.9,15.3,25.6,12,9.8,18.6,13.3,33,66.4,174
35.6,29,29,20.4,26.8,13.4,10.8,18.7,13.8,38,67.3,163.8
